approved_at_utc,subreddit,selftext,author_fullname,saved,mod_reason_title,gilded,clicked,title,link_flair_richtext,subreddit_name_prefixed,hidden,pwls,link_flair_css_class,downs,thumbnail_height,top_awarded_type,hide_score,media_metadata,name,quarantine,link_flair_text_color,upvote_ratio,author_flair_background_color,ups,total_awards_received,media_embed,thumbnail_width,author_flair_template_id,is_original_content,user_reports,secure_media,is_reddit_media_domain,is_meta,category,secure_media_embed,link_flair_text,can_mod_post,score,approved_by,is_created_from_ads_ui,author_premium,thumbnail,edited,author_flair_css_class,author_flair_richtext,gildings,post_hint,content_categories,is_self,subreddit_type,created,link_flair_type,wls,removed_by_category,banned_by,author_flair_type,domain,allow_live_comments,selftext_html,likes,suggested_sort,banned_at_utc,view_count,archived,no_follow,is_crosspostable,pinned,over_18,preview,all_awardings,awarders,media_only,link_flair_template_id,can_gild,spoiler,locked,author_flair_text,treatment_tags,visited,removed_by,mod_note,distinguished,subreddit_id,author_is_blocked,mod_reason_by,num_reports,removal_reason,link_flair_background_color,id,is_robot_indexable,report_reasons,author,discussion_type,num_comments,send_replies,whitelist_status,contest_mode,mod_reports,author_patreon_flair,author_flair_text_color,permalink,parent_whitelist_status,stickied,url,subreddit_subscribers,created_utc,num_crossposts,media,is_video,url_overridden_by_dest,gallery_data,is_gallery,author_cakeday
,Conservative,"Thank you all for being here. Erika's words were powerful and from the heart. Please take note and use this moment for something positive. This is bigger than all of us. Go to tpusa.com (when they are back online, the entire internet will be hitting them!). and volunteer. Go volunteer at your churches, charities, and so on. Help the needy, the poor, and the destitute. Go out and represent all of us in the best way you can.

We are extremely proud of all of you. Thank you for representing us in the best way anyone could ever ask for.

Remember his name. We will not forget you, Charlie.

We're not going anywhere. We're not stopping.",t2_3sn64,False,,0,False,Dear r/conservative,"[{'e': 'text', 't': 'Flaired Users Only'}]",r/Conservative,False,7,CONSERVATIVESONLY,0,,,False,,t3_1nfledc,False,,0.89,,1413,0,{},,,False,[],,False,False,,{},Flaired Users Only,False,1413,,False,False,self,False,,"[{'e': 'text', 't': 'Discord.gg/conservative'}]",{},,,True,public,1757728725.0,richtext,7,,,richtext,self.Conservative,False,"&lt;!-- SC_OFF --&gt;&lt;div class=""md""&gt;&lt;p&gt;Thank you all for being here. Erika&amp;#39;s words were powerful and from the heart. Please take note and use this moment for something positive. This is bigger than all of us. Go to tpusa.com (when they are back online, the entire internet will be hitting them!). and volunteer. Go volunteer at your churches, charities, and so on. Help the needy, the poor, and the destitute. Go out and represent all of us in the best way you can.&lt;/p&gt;

&lt;p&gt;We are extremely proud of all of you. Thank you for representing us in the best way anyone could ever ask for.&lt;/p&gt;

&lt;p&gt;Remember his name. We will not forget you, Charlie.&lt;/p&gt;

&lt;p&gt;We&amp;#39;re not going anywhere. We&amp;#39;re not stopping.&lt;/p&gt;
&lt;/div&gt;&lt;!-- SC_ON --&gt;",,,,,False,False,False,False,False,,[],[],False,,False,False,False,Discord.gg/conservative,[],False,,,,t5_2qh6p,False,,,,,1nfledc,True,,Jibrish,,383,True,,False,[],False,dark,/r/Conservative/comments/1nfledc/dear_rconservative/,,True,https://www.reddit.com/r/Conservative/comments/1nfledc/dear_rconservative/,1289029,1757728725.0,0,,False,,,,
,Conservative,,t2_1t4w1oocsp,False,,0,False,"Trump: “From this point forward, anybody burning the American Flag will be subject to one year in prison.”","[{'e': 'text', 't': 'Flaired Users Only'}]",r/Conservative,False,7,CONSERVATIVESONLY,0,,,False,,t3_1nxunjo,False,,0.81,,1481,0,{},,421b644c-8b38-11e1-bc5f-12313d18ad57,False,[],,False,False,,{},Flaired Users Only,False,1481,,False,False,default,False,Conservative,"[{'e': 'text', 't': 'Pro-Life Extremist'}]",{},,,False,public,1759586145.0,richtext,7,,,richtext,x.com,False,,,controversial,,,False,False,False,False,False,,[],[],False,,False,False,False,Pro-Life Extremist,[],False,,,,t5_2qh6p,False,,,,,1nxunjo,True,,hety0p,,663,True,,False,[],False,dark,/r/Conservative/comments/1nxunjo/trump_from_this_point_forward_anybody_burning_the/,,False,https://x.com/theblaze/status/1974256857767084526?t=BjqeCTz9e6ECOnEIjZIhnw&amp;s=19,1289029,1759586145.0,2,,False,https://x.com/theblaze/status/1974256857767084526?t=BjqeCTz9e6ECOnEIjZIhnw&amp;s=19,,,
,Conservative,,t2_g5exlrsn,False,,0,False,"Muslims who vandalized Texas church claimed First Amendment right, jury disagreed","[{'e': 'text', 't': 'Flaired Users Only'}]",r/Conservative,False,7,CONSERVATIVESONLY,0,73,,False,,t3_1ny14v2,False,,0.96,,382,0,{},140,421b644c-8b38-11e1-bc5f-12313d18ad57,False,[],,False,False,,{},Flaired Users Only,False,382,,False,False,https://external-preview.redd.it/153rMsdcasS7EN2HmwrfpJEQiXU-orDqctG2CmeaMoI.jpeg?width=140&amp;height=73&amp;auto=webp&amp;s=56e3feae512fec3a9d7db10f1b23dbd86fe0a288,False,Conservative,"[{'e': 'text', 't': 'Conservative'}]",{},link,,False,public,1759601488.0,richtext,7,,,richtext,thecentersquare.com,False,,,,,,False,False,False,False,False,"{'images': [{'source': {'url': 'https://external-preview.redd.it/153rMsdcasS7EN2HmwrfpJEQiXU-orDqctG2CmeaMoI.jpeg?auto=webp&amp;s=4c3fd9c4c82e22f6fc3f0e31fd8b3a5bfab99120', 'width': 1200, 'height': 630}, 'resolutions': [{'url': 'https://external-preview.redd.it/153rMsdcasS7EN2HmwrfpJEQiXU-orDqctG2CmeaMoI.jpeg?width=108&amp;crop=smart&amp;auto=webp&amp;s=bf6bf75755220e5764e3216cbc04763427b879ba', 'width': 108, 'height': 56}, {'url': 'https://external-preview.redd.it/153rMsdcasS7EN2HmwrfpJEQiXU-orDqctG2CmeaMoI.jpeg?width=216&amp;crop=smart&amp;auto=webp&amp;s=dadbdc6582c74a9fac838054d2623c791bcea153', 'width': 216, 'height': 113}, {'url': 'https://external-preview.redd.it/153rMsdcasS7EN2HmwrfpJEQiXU-orDqctG2CmeaMoI.jpeg?width=320&amp;crop=smart&amp;auto=webp&amp;s=f34850689d86a2e3268b3fdc427e813081b1bacc', 'width': 320, 'height': 168}, {'url': 'https://external-preview.redd.it/153rMsdcasS7EN2HmwrfpJEQiXU-orDqctG2CmeaMoI.jpeg?width=640&amp;crop=smart&amp;auto=webp&amp;s=1d7e003349290a658a81d5beaefa08fb0d979577', 'width': 640, 'height': 336}, {'url': 'https://external-preview.redd.it/153rMsdcasS7EN2HmwrfpJEQiXU-orDqctG2CmeaMoI.jpeg?width=960&amp;crop=smart&amp;auto=webp&amp;s=5457759a9b061c4be7781440d4990d1f5d588f12', 'width': 960, 'height': 504}, {'url': 'https://external-preview.redd.it/153rMsdcasS7EN2HmwrfpJEQiXU-orDqctG2CmeaMoI.jpeg?width=1080&amp;crop=smart&amp;auto=webp&amp;s=fbb91fdf18ba63c15c01e17ae563f8215770306e', 'width': 1080, 'height': 567}], 'variants': {}, 'id': '153rMsdcasS7EN2HmwrfpJEQiXU-orDqctG2CmeaMoI'}], 'enabled': False}",[],[],False,,False,False,False,Conservative,[],False,,,,t5_2qh6p,False,,,,,1ny14v2,True,,Head_Estate_3944,,12,True,,False,[],False,dark,/r/Conservative/comments/1ny14v2/muslims_who_vandalized_texas_church_claimed_first/,,False,https://www.thecentersquare.com/texas/article_1305d433-3533-428a-ae24-0a9301f8863d.html,1289029,1759601488.0,0,,False,https://www.thecentersquare.com/texas/article_1305d433-3533-428a-ae24-0a9301f8863d.html,,,
,Conservative,"Lately I've been noticing quite a lot of countries looking like the middle east or just a bunch of Palestine protests, but to my surprise its somewhere like Japan or London? It's crazy to see it happen but I want to get a fact check really quickly because this is getting way too out of hand.",t2_gmwuymu6l,False,,0,False,Is it just me or is immigration is getting out of hand everywhere?,"[{'e': 'text', 't': 'Flaired Users Only'}]",r/Conservative,False,7,CONSERVATIVESONLY ,0,,,False,,t3_1nxwngq,False,dark,0.78,,632,0,{},,,False,[],,False,False,,{},Flaired Users Only,False,632,,False,False,self,False,,[],{},,,True,public,1759590919.0,richtext,7,,,text,self.Conservative,False,"&lt;!-- SC_OFF --&gt;&lt;div class=""md""&gt;&lt;p&gt;Lately I&amp;#39;ve been noticing quite a lot of countries looking like the middle east or just a bunch of Palestine protests, but to my surprise its somewhere like Japan or London? It&amp;#39;s crazy to see it happen but I want to get a fact check really quickly because this is getting way too out of hand.&lt;/p&gt;
&lt;/div&gt;&lt;!-- SC_ON --&gt;",,,,,False,False,False,False,False,,[],[],False,3cbf370a-5fe4-11e6-9198-0e0b7c2c3ef3,False,False,False,,[],False,,,,t5_2qh6p,False,,,,,1nxwngq,True,,splatterfish,,177,True,,False,[],False,,/r/Conservative/comments/1nxwngq/is_it_just_me_or_is_immigration_is_getting_out_of/,,False,https://www.reddit.com/r/Conservative/comments/1nxwngq/is_it_just_me_or_is_immigration_is_getting_out_of/,1289029,1759590919.0,0,,False,,,,
,Conservative,,t2_1t4w1oocsp,False,,0,False,FBI Agent Fired for Refusing to Arrest and Perp Walk James Comey,"[{'e': 'text', 't': 'Flaired Users Only'}]",r/Conservative,False,7,CONSERVATIVESONLY,0,78,,False,,t3_1nxtvly,False,,0.84,,696,0,{},140,421b644c-8b38-11e1-bc5f-12313d18ad57,False,[],,False,False,,{},Flaired Users Only,False,696,,False,False,https://external-preview.redd.it/HyuH40YWr2llnpI9dmNX2yQ2VPUyiPwWbb3HS7tDfiI.jpeg?width=140&amp;height=78&amp;auto=webp&amp;s=3cceaf18556044489438603e5e0c0937350cd8bc,False,Conservative,"[{'e': 'text', 't': 'Pro-Life Extremist'}]",{},link,,False,public,1759584158.0,richtext,7,,,richtext,truthpress.com,False,,,,,,False,False,False,False,False,"{'images': [{'source': {'url': 'https://external-preview.redd.it/HyuH40YWr2llnpI9dmNX2yQ2VPUyiPwWbb3HS7tDfiI.jpeg?auto=webp&amp;s=a090734b93617bcd9af5fa45917a8e1804201a0e', 'width': 1600, 'height': 900}, 'resolutions': [{'url': 'https://external-preview.redd.it/HyuH40YWr2llnpI9dmNX2yQ2VPUyiPwWbb3HS7tDfiI.jpeg?width=108&amp;crop=smart&amp;auto=webp&amp;s=c520983f18b8abfa23b5a63bc0269c56a1fd21dd', 'width': 108, 'height': 60}, {'url': 'https://external-preview.redd.it/HyuH40YWr2llnpI9dmNX2yQ2VPUyiPwWbb3HS7tDfiI.jpeg?width=216&amp;crop=smart&amp;auto=webp&amp;s=6838293109981cf5e48945f2a5cccd3f84f464d1', 'width': 216, 'height': 121}, {'url': 'https://external-preview.redd.it/HyuH40YWr2llnpI9dmNX2yQ2VPUyiPwWbb3HS7tDfiI.jpeg?width=320&amp;crop=smart&amp;auto=webp&amp;s=942fa123b4d5d6cd91cb944447868e814257864a', 'width': 320, 'height': 180}, {'url': 'https://external-preview.redd.it/HyuH40YWr2llnpI9dmNX2yQ2VPUyiPwWbb3HS7tDfiI.jpeg?width=640&amp;crop=smart&amp;auto=webp&amp;s=328bdfeeae915aa9a4ade6b4ca0ea607989d6a64', 'width': 640, 'height': 360}, {'url': 'https://external-preview.redd.it/HyuH40YWr2llnpI9dmNX2yQ2VPUyiPwWbb3HS7tDfiI.jpeg?width=960&amp;crop=smart&amp;auto=webp&amp;s=b4bdbe849422a1a76290b79f2595176ec0f6c3b8', 'width': 960, 'height': 540}, {'url': 'https://external-preview.redd.it/HyuH40YWr2llnpI9dmNX2yQ2VPUyiPwWbb3HS7tDfiI.jpeg?width=1080&amp;crop=smart&amp;auto=webp&amp;s=8b6755a2eb31b3dd2009475e638772d947313207', 'width': 1080, 'height': 607}], 'variants': {}, 'id': 'HyuH40YWr2llnpI9dmNX2yQ2VPUyiPwWbb3HS7tDfiI'}], 'enabled': False}",[],[],False,,False,False,False,Pro-Life Extremist,[],False,,,,t5_2qh6p,False,,,,,1nxtvly,True,,hety0p,,95,True,,False,[],False,dark,/r/Conservative/comments/1nxtvly/fbi_agent_fired_for_refusing_to_arrest_and_perp/,,False,https://truthpress.com/news/fbi-agent-fired-for-refusing-to-arrest-and-perp-walk-james-comey/,1289029,1759584158.0,0,,False,https://truthpress.com/news/fbi-agent-fired-for-refusing-to-arrest-and-perp-walk-james-comey/,,,
,Conservative,,t2_g5exlrsn,False,,0,False,"Three non-citizens arrested, charged with illegally voting in Arkansas elections","[{'e': 'text', 't': 'Flaired Users Only'}]",r/Conservative,False,7,CONSERVATIVESONLY,0,93,,False,,t3_1nxq48p,False,,0.93,,598,0,{},140,421b644c-8b38-11e1-bc5f-12313d18ad57,False,[],,False,False,,{},Flaired Users Only,False,598,,False,False,https://external-preview.redd.it/sYDtl5D9cYKdZzEMRY8MM969Ui07SWsn3NZgaL12xXg.jpeg?width=140&amp;height=93&amp;auto=webp&amp;s=0171f483b0f70228d0bdb0ff91fa94f66b2743cb,False,Conservative,"[{'e': 'text', 't': 'Conservative'}]",{},link,,False,public,1759572560.0,richtext,7,,,richtext,nwaonline.com,False,,,,,,False,False,False,False,False,"{'images': [{'source': {'url': 'https://external-preview.redd.it/sYDtl5D9cYKdZzEMRY8MM969Ui07SWsn3NZgaL12xXg.jpeg?auto=webp&amp;s=58927e9ebf0e9a17e3cce627403d7aacc867140b', 'width': 1200, 'height': 800}, 'resolutions': [{'url': 'https://external-preview.redd.it/sYDtl5D9cYKdZzEMRY8MM969Ui07SWsn3NZgaL12xXg.jpeg?width=108&amp;crop=smart&amp;auto=webp&amp;s=e74aac6e4b48231f8bbdf87c795ac6cc409b6714', 'width': 108, 'height': 72}, {'url': 'https://external-preview.redd.it/sYDtl5D9cYKdZzEMRY8MM969Ui07SWsn3NZgaL12xXg.jpeg?width=216&amp;crop=smart&amp;auto=webp&amp;s=7cfc334eab6eba8aebff451a4878f233c10a6053', 'width': 216, 'height': 144}, {'url': 'https://external-preview.redd.it/sYDtl5D9cYKdZzEMRY8MM969Ui07SWsn3NZgaL12xXg.jpeg?width=320&amp;crop=smart&amp;auto=webp&amp;s=47338a6c0c6957a80142c70b263d7d7bfbc96964', 'width': 320, 'height': 213}, {'url': 'https://external-preview.redd.it/sYDtl5D9cYKdZzEMRY8MM969Ui07SWsn3NZgaL12xXg.jpeg?width=640&amp;crop=smart&amp;auto=webp&amp;s=65748154cedf9cc596d95bb0c76c233d13249a59', 'width': 640, 'height': 426}, {'url': 'https://external-preview.redd.it/sYDtl5D9cYKdZzEMRY8MM969Ui07SWsn3NZgaL12xXg.jpeg?width=960&amp;crop=smart&amp;auto=webp&amp;s=748287d2239c73f8003504accbe3463e3ebeef8f', 'width': 960, 'height': 640}, {'url': 'https://external-preview.redd.it/sYDtl5D9cYKdZzEMRY8MM969Ui07SWsn3NZgaL12xXg.jpeg?width=1080&amp;crop=smart&amp;auto=webp&amp;s=0f3126e5721e54efc1873c5535abba8c10e5838a', 'width': 1080, 'height': 720}], 'variants': {}, 'id': 'sYDtl5D9cYKdZzEMRY8MM969Ui07SWsn3NZgaL12xXg'}], 'enabled': False}",[],[],False,,False,False,False,Conservative,[],False,,,,t5_2qh6p,False,,,,,1nxq48p,True,,Head_Estate_3944,,51,True,,False,[],False,dark,/r/Conservative/comments/1nxq48p/three_noncitizens_arrested_charged_with_illegally/,,False,https://www.nwaonline.com/news/2025/oct/02/three-non-citizens-arrested-for-illegal-voting-in/?news,1289029,1759572560.0,0,,False,https://www.nwaonline.com/news/2025/oct/02/three-non-citizens-arrested-for-illegal-voting-in/?news,,,
,Conservative,,t2_8iimk01i,False,,0,False,"Scott Presler: Biggest Hurdle Is Getting Republicans to Vote in Every Election; We Need ‘Big, Beautiful Turnout’","[{'e': 'text', 't': 'Flaired Users Only'}]",r/Conservative,False,7,CONSERVATIVESONLY,0,73,,True,,t3_1ny3prw,False,,0.94,,90,0,{},140,421b644c-8b38-11e1-bc5f-12313d18ad57,False,[],,False,False,,{},Flaired Users Only,False,90,,False,False,https://external-preview.redd.it/SlJ0poY2jbm2zNKpvwQMO24RkXEceCm4mhuvrk57WL0.jpeg?width=140&amp;height=73&amp;auto=webp&amp;s=074ea3af77faccbfefb3bc970347785f68d2db1a,False,Conservative,"[{'e': 'text', 't': 'Conservative Devil Dog'}]",{},link,,False,public,1759607576.0,richtext,7,,,richtext,breitbart.com,False,,,,,,False,False,False,False,False,"{'images': [{'source': {'url': 'https://external-preview.redd.it/SlJ0poY2jbm2zNKpvwQMO24RkXEceCm4mhuvrk57WL0.jpeg?auto=webp&amp;s=09a2cd9ec6a91aa76314367e888d3c5e84b0df33', 'width': 640, 'height': 335}, 'resolutions': [{'url': 'https://external-preview.redd.it/SlJ0poY2jbm2zNKpvwQMO24RkXEceCm4mhuvrk57WL0.jpeg?width=108&amp;crop=smart&amp;auto=webp&amp;s=ac8925a21862f6c4c67539cb86b34e41a20ccfb9', 'width': 108, 'height': 56}, {'url': 'https://external-preview.redd.it/SlJ0poY2jbm2zNKpvwQMO24RkXEceCm4mhuvrk57WL0.jpeg?width=216&amp;crop=smart&amp;auto=webp&amp;s=8007422934b644f846a66a4ebca694fff701f0fa', 'width': 216, 'height': 113}, {'url': 'https://external-preview.redd.it/SlJ0poY2jbm2zNKpvwQMO24RkXEceCm4mhuvrk57WL0.jpeg?width=320&amp;crop=smart&amp;auto=webp&amp;s=37c8ad3db4101264c86a7259206880fb5ed1bef8', 'width': 320, 'height': 167}, {'url': 'https://external-preview.redd.it/SlJ0poY2jbm2zNKpvwQMO24RkXEceCm4mhuvrk57WL0.jpeg?width=640&amp;crop=smart&amp;auto=webp&amp;s=38519f030c065119659231057bf31ff483643960', 'width': 640, 'height': 335}], 'variants': {}, 'id': 'SlJ0poY2jbm2zNKpvwQMO24RkXEceCm4mhuvrk57WL0'}], 'enabled': False}",[],[],False,,False,False,False,Conservative Devil Dog,[],False,,,,t5_2qh6p,False,,,,,1ny3prw,True,,According-Activity87,,5,True,,False,[],False,dark,/r/Conservative/comments/1ny3prw/scott_presler_biggest_hurdle_is_getting/,,False,https://www.breitbart.com/radio/2025/10/04/exclusive-scott-presler-biggest-hurdle-is-getting-republicans-to-vote-in-every-election-we-need-big-beautiful-turnout/,1289029,1759607576.0,0,,False,https://www.breitbart.com/radio/2025/10/04/exclusive-scott-presler-biggest-hurdle-is-getting-republicans-to-vote-in-every-election-we-need-big-beautiful-turnout/,,,
,Conservative,,t2_frlif,False,,0,False,Britain must wake up to the reality of Islamist terror in its midst,"[{'e': 'text', 't': 'Flaired Users Only'}]",r/Conservative,False,7,CONSERVATIVESONLY,0,93,,False,,t3_1nxrbjh,False,,0.92,,368,0,{},140,421b644c-8b38-11e1-bc5f-12313d18ad57,False,[],,False,False,,{},Flaired Users Only,False,368,,False,False,https://external-preview.redd.it/Zur6OyKgEQSeJiR-8erc4umpY5k07CiyEjjOx9XDdNw.jpeg?width=140&amp;height=93&amp;auto=webp&amp;s=787e0ef7a8f1937dd226314ba24a1891b98b0c4c,False,Conservative,"[{'e': 'text', 't': 'Damned Conservative Vet'}]",{},link,,False,public,1759576755.0,richtext,7,,,richtext,nypost.com,False,,,,,,False,False,False,False,False,"{'images': [{'source': {'url': 'https://external-preview.redd.it/Zur6OyKgEQSeJiR-8erc4umpY5k07CiyEjjOx9XDdNw.jpeg?auto=webp&amp;s=f6d75bc2af7b1126d69e0037064bf307d016c934', 'width': 1024, 'height': 682}, 'resolutions': [{'url': 'https://external-preview.redd.it/Zur6OyKgEQSeJiR-8erc4umpY5k07CiyEjjOx9XDdNw.jpeg?width=108&amp;crop=smart&amp;auto=webp&amp;s=27af381d9925383e210e31ef9946149478b5eb12', 'width': 108, 'height': 71}, {'url': 'https://external-preview.redd.it/Zur6OyKgEQSeJiR-8erc4umpY5k07CiyEjjOx9XDdNw.jpeg?width=216&amp;crop=smart&amp;auto=webp&amp;s=b193719c27f82c4d658b91aec2798bdb33c6c9aa', 'width': 216, 'height': 143}, {'url': 'https://external-preview.redd.it/Zur6OyKgEQSeJiR-8erc4umpY5k07CiyEjjOx9XDdNw.jpeg?width=320&amp;crop=smart&amp;auto=webp&amp;s=c2b162666a2f3346baef46b4d5eac8b7e653c2bd', 'width': 320, 'height': 213}, {'url': 'https://external-preview.redd.it/Zur6OyKgEQSeJiR-8erc4umpY5k07CiyEjjOx9XDdNw.jpeg?width=640&amp;crop=smart&amp;auto=webp&amp;s=a544a0e08bc2e629700e0cd5e37b30aa177d5915', 'width': 640, 'height': 426}, {'url': 'https://external-preview.redd.it/Zur6OyKgEQSeJiR-8erc4umpY5k07CiyEjjOx9XDdNw.jpeg?width=960&amp;crop=smart&amp;auto=webp&amp;s=b266fd317139a12b4a7a4daab83c5d4cc798915a', 'width': 960, 'height': 639}], 'variants': {}, 'id': 'Zur6OyKgEQSeJiR-8erc4umpY5k07CiyEjjOx9XDdNw'}], 'enabled': False}",[],[],False,,False,False,False,Damned Conservative Vet,[],False,,,,t5_2qh6p,False,,,,,1nxrbjh,True,,Down-not-out,,36,False,,False,[],False,dark,/r/Conservative/comments/1nxrbjh/britain_must_wake_up_to_the_reality_of_islamist/,,False,https://nypost.com/2025/10/03/opinion/britain-must-wake-up-to-the-reality-of-islamist-terror-in-its-midst/,1289029,1759576755.0,0,,False,https://nypost.com/2025/10/03/opinion/britain-must-wake-up-to-the-reality-of-islamist-terror-in-its-midst/,,,
,Conservative,,t2_frlif,False,,0,False,Seattle Is Screwed: Mayoral Debate Goes Off the Rails When Candidates Are Asked About Repeat Offenders,"[{'e': 'text', 't': 'Flaired Users Only'}]",r/Conservative,False,7,CONSERVATIVESONLY,0,92,,False,,t3_1nxrgec,False,,0.9,,336,0,{},140,421b644c-8b38-11e1-bc5f-12313d18ad57,False,[],,False,False,,{},Flaired Users Only,False,336,,False,False,https://external-preview.redd.it/dmF_oXJ-5blA_sqdqaWdssub89V-GVw8Tw9-NtlbqyU.jpeg?width=140&amp;height=92&amp;auto=webp&amp;s=6e66667051d87ebfdcd583d7ae48d5eabc5188f0,False,Conservative,"[{'e': 'text', 't': 'Damned Conservative Vet'}]",{},link,,False,public,1759577192.0,richtext,7,,,richtext,redstate.com,False,,,,,,False,False,False,False,False,"{'images': [{'source': {'url': 'https://external-preview.redd.it/dmF_oXJ-5blA_sqdqaWdssub89V-GVw8Tw9-NtlbqyU.jpeg?auto=webp&amp;s=b392c42b9f2fe8b1770b8e3029bd20b8b036ef1f', 'width': 650, 'height': 431}, 'resolutions': [{'url': 'https://external-preview.redd.it/dmF_oXJ-5blA_sqdqaWdssub89V-GVw8Tw9-NtlbqyU.jpeg?width=108&amp;crop=smart&amp;auto=webp&amp;s=dae5b1ba2ad2e7fd3c087fccf38836686bdaa118', 'width': 108, 'height': 71}, {'url': 'https://external-preview.redd.it/dmF_oXJ-5blA_sqdqaWdssub89V-GVw8Tw9-NtlbqyU.jpeg?width=216&amp;crop=smart&amp;auto=webp&amp;s=4bc0371ceecf965a7c29e9fe2fcf1b3b496be395', 'width': 216, 'height': 143}, {'url': 'https://external-preview.redd.it/dmF_oXJ-5blA_sqdqaWdssub89V-GVw8Tw9-NtlbqyU.jpeg?width=320&amp;crop=smart&amp;auto=webp&amp;s=7c48069069bb2e3c4150824ade4cf74ff34aaefd', 'width': 320, 'height': 212}, {'url': 'https://external-preview.redd.it/dmF_oXJ-5blA_sqdqaWdssub89V-GVw8Tw9-NtlbqyU.jpeg?width=640&amp;crop=smart&amp;auto=webp&amp;s=5d48b73b0f103380e0af59850df7414b85404899', 'width': 640, 'height': 424}], 'variants': {}, 'id': 'dmF_oXJ-5blA_sqdqaWdssub89V-GVw8Tw9-NtlbqyU'}], 'enabled': False}",[],[],False,,False,False,False,Damned Conservative Vet,[],False,,,,t5_2qh6p,False,,,,,1nxrgec,True,,Down-not-out,,52,False,,False,[],False,dark,/r/Conservative/comments/1nxrgec/seattle_is_screwed_mayoral_debate_goes_off_the/,,False,https://redstate.com/sister-toldjah/2025/10/03/seattle-is-screwed-mayoral-debate-goes-off-the-rails-when-candidates-are-asked-about-repeat-offenders-n2194700,1289029,1759577192.0,0,,False,https://redstate.com/sister-toldjah/2025/10/03/seattle-is-screwed-mayoral-debate-goes-off-the-rails-when-candidates-are-asked-about-repeat-offenders-n2194700,,,
,Conservative,,t2_frlif,False,,0,False,"FBI Director Kash Patel - MSNBC still an ass clown factory of disinformation. Same circus animals that slobbered all over perp walks of Stone, Navarro, Bannon…","[{'e': 'text', 't': 'Flaired Users Only'}]",r/Conservative,False,7,CONSERVATIVESONLY,0,,,False,,t3_1nxzvzx,False,,0.79,,110,0,{},,421b644c-8b38-11e1-bc5f-12313d18ad57,False,[],,False,False,,{},Flaired Users Only,False,110,,False,False,default,False,Conservative,"[{'e': 'text', 't': 'Damned Conservative Vet'}]",{},,,False,public,1759598604.0,richtext,7,,,richtext,x.com,False,,,,,,False,False,False,False,False,,[],[],False,,False,False,False,Damned Conservative Vet,[],False,,,,t5_2qh6p,False,,,,,1nxzvzx,True,,Down-not-out,,10,False,,False,[],False,dark,/r/Conservative/comments/1nxzvzx/fbi_director_kash_patel_msnbc_still_an_ass_clown/,,False,https://x.com/FBIDirectorKash/status/1974475527496052996,1289029,1759598604.0,0,,False,https://x.com/FBIDirectorKash/status/1974475527496052996,,,
,Conservative,,t2_g5exlrsn,False,,0,False,Kansas professor put on leave after calling White men 'dangerous animals' in the wake of Charlie Kirk's murder,"[{'e': 'text', 't': 'Flaired Users Only'}]",r/Conservative,False,7,CONSERVATIVESONLY,0,78,,True,,t3_1ny50xk,False,,0.94,,63,0,{},140,421b644c-8b38-11e1-bc5f-12313d18ad57,False,[],,False,False,,{},Flaired Users Only,False,63,,False,False,https://external-preview.redd.it/bgSYLnTKxVg6pimV7TFgSVSLwhl9WpcU22LN2gmlJvk.jpeg?width=140&amp;height=78&amp;auto=webp&amp;s=d6023ccc96b6fa91de90ecb6aca35e727c921114,False,Conservative,"[{'e': 'text', 't': 'Conservative'}]",{},link,,False,public,1759610737.0,richtext,7,,,richtext,foxnews.com,False,,,,,,False,False,False,False,False,"{'images': [{'source': {'url': 'https://external-preview.redd.it/bgSYLnTKxVg6pimV7TFgSVSLwhl9WpcU22LN2gmlJvk.jpeg?auto=webp&amp;s=6b99fc7adb143bed8cccb9bed897ac4513d78383', 'width': 1280, 'height': 720}, 'resolutions': [{'url': 'https://external-preview.redd.it/bgSYLnTKxVg6pimV7TFgSVSLwhl9WpcU22LN2gmlJvk.jpeg?width=108&amp;crop=smart&amp;auto=webp&amp;s=fdf7490e2475286faa5cda01e5c847aa6cb77e65', 'width': 108, 'height': 60}, {'url': 'https://external-preview.redd.it/bgSYLnTKxVg6pimV7TFgSVSLwhl9WpcU22LN2gmlJvk.jpeg?width=216&amp;crop=smart&amp;auto=webp&amp;s=649d0b3cb14c8a4ce8c9626119431924c285693c', 'width': 216, 'height': 121}, {'url': 'https://external-preview.redd.it/bgSYLnTKxVg6pimV7TFgSVSLwhl9WpcU22LN2gmlJvk.jpeg?width=320&amp;crop=smart&amp;auto=webp&amp;s=eb9bc1e5018c6c96fcb4db8fd67108125c401948', 'width': 320, 'height': 180}, {'url': 'https://external-preview.redd.it/bgSYLnTKxVg6pimV7TFgSVSLwhl9WpcU22LN2gmlJvk.jpeg?width=640&amp;crop=smart&amp;auto=webp&amp;s=997b137f0e6c867e1ec97e0c0f8f5d536555404d', 'width': 640, 'height': 360}, {'url': 'https://external-preview.redd.it/bgSYLnTKxVg6pimV7TFgSVSLwhl9WpcU22LN2gmlJvk.jpeg?width=960&amp;crop=smart&amp;auto=webp&amp;s=69cc4aab088334b087a8c73230b988ed178bc742', 'width': 960, 'height': 540}, {'url': 'https://external-preview.redd.it/bgSYLnTKxVg6pimV7TFgSVSLwhl9WpcU22LN2gmlJvk.jpeg?width=1080&amp;crop=smart&amp;auto=webp&amp;s=b700683419d6127886c4ddbb31369dbc12b774a0', 'width': 1080, 'height': 607}], 'variants': {}, 'id': 'bgSYLnTKxVg6pimV7TFgSVSLwhl9WpcU22LN2gmlJvk'}], 'enabled': False}",[],[],False,,False,False,False,Conservative,[],False,,,,t5_2qh6p,False,,,,,1ny50xk,True,,Head_Estate_3944,,6,True,,False,[],False,dark,/r/Conservative/comments/1ny50xk/kansas_professor_put_on_leave_after_calling_white/,,False,https://www.foxnews.com/media/kansas-professor-put-leave-after-calling-white-men-dangerous-animals-wake-charlie-kirk-murder,1289029,1759610737.0,0,,False,https://www.foxnews.com/media/kansas-professor-put-leave-after-calling-white-men-dangerous-animals-wake-charlie-kirk-murder,,,
,Conservative,,t2_8iimk01i,False,,0,False,ABC Warns People 'Could Suffer' If Democrats Cave On Shutdown,"[{'e': 'text', 't': 'Flaired Users Only'}]",r/Conservative,False,7,CONSERVATIVESONLY,0,80,,False,,t3_1nxyjdn,False,,0.78,,110,0,{},140,421b644c-8b38-11e1-bc5f-12313d18ad57,False,[],,False,False,,{},Flaired Users Only,False,110,,False,False,https://external-preview.redd.it/e5Q_b7d2DI0nxinv1cJo8hCvUg4zQ7KBE8LGjLBKk8g.jpeg?width=140&amp;height=80&amp;auto=webp&amp;s=68d930fa412cff7579a3a7289f4d63eee104773c,False,Conservative,"[{'e': 'text', 't': 'Conservative Devil Dog'}]",{},link,,False,public,1759595408.0,richtext,7,,,richtext,newsbusters.org,False,,,,,,False,False,False,False,False,"{'images': [{'source': {'url': 'https://external-preview.redd.it/e5Q_b7d2DI0nxinv1cJo8hCvUg4zQ7KBE8LGjLBKk8g.jpeg?auto=webp&amp;s=cbb5c2a7a4a991eaceb43818eb799fdef321673f', 'width': 700, 'height': 400}, 'resolutions': [{'url': 'https://external-preview.redd.it/e5Q_b7d2DI0nxinv1cJo8hCvUg4zQ7KBE8LGjLBKk8g.jpeg?width=108&amp;crop=smart&amp;auto=webp&amp;s=97fa4ff859b306c2501ff0a48d8f5dd53dd5fbb8', 'width': 108, 'height': 61}, {'url': 'https://external-preview.redd.it/e5Q_b7d2DI0nxinv1cJo8hCvUg4zQ7KBE8LGjLBKk8g.jpeg?width=216&amp;crop=smart&amp;auto=webp&amp;s=94920db8df552b20b49a48dbdf918f5d58a46cea', 'width': 216, 'height': 123}, {'url': 'https://external-preview.redd.it/e5Q_b7d2DI0nxinv1cJo8hCvUg4zQ7KBE8LGjLBKk8g.jpeg?width=320&amp;crop=smart&amp;auto=webp&amp;s=d5d7ba0fd3ac52d419beab037e97e506ffb3517f', 'width': 320, 'height': 182}, {'url': 'https://external-preview.redd.it/e5Q_b7d2DI0nxinv1cJo8hCvUg4zQ7KBE8LGjLBKk8g.jpeg?width=640&amp;crop=smart&amp;auto=webp&amp;s=fc2fd9e9465ca77cbd1b0023b0f3861083f10ea1', 'width': 640, 'height': 365}], 'variants': {}, 'id': 'e5Q_b7d2DI0nxinv1cJo8hCvUg4zQ7KBE8LGjLBKk8g'}], 'enabled': False}",[],[],False,,False,False,False,Conservative Devil Dog,[],False,,,,t5_2qh6p,False,,,,,1nxyjdn,True,,According-Activity87,,35,True,,False,[],False,dark,/r/Conservative/comments/1nxyjdn/abc_warns_people_could_suffer_if_democrats_cave/,,False,https://www.newsbusters.org/blogs/nb/alex-christy/2025/10/04/abc-warns-people-could-suffer-if-democrats-cave-shutdown,1289029,1759595408.0,0,,False,https://www.newsbusters.org/blogs/nb/alex-christy/2025/10/04/abc-warns-people-could-suffer-if-democrats-cave-shutdown,,,
,Conservative,,t2_i0zwg,False,,0,False,Kristi Noem was refused entry and screamed at while trying to enter Broadview City Hall,"[{'e': 'text', 't': 'Flaired Users Only'}]",r/Conservative,False,7,CONSERVATIVESONLY,0,,,False,,t3_1nxswk5,False,,0.72,,210,0,{},,,False,[],,False,False,,{},Flaired Users Only,False,210,,False,False,default,False,,"[{'e': 'text', 't': 'Conservative'}]",{},,,False,public,1759581570.0,richtext,7,,,richtext,x.com,False,,,,,,False,False,False,False,False,,[],[],False,,False,False,False,Conservative,[],False,,,,t5_2qh6p,False,,,,,1nxswk5,True,,vampirepomeranian,,57,True,,False,[],False,dark,/r/Conservative/comments/1nxswk5/kristi_noem_was_refused_entry_and_screamed_at/,,False,https://x.com/bennyjohnson/status/1974187697926295659,1289029,1759581570.0,0,,False,https://x.com/bennyjohnson/status/1974187697926295659,,,
,Conservative,"Chuck Schumer appears to be battling for his reelection potentially against AoC who has risen up the ranks of far left socialist. 

My main question is, whats the draw? All I’ve heard her do is make false promises and spill bs about taxing the rich.

Nancy Pelosi recently had a freakout when a reporter asked what she thought of AoC’s statement, “My office is open and you are free to negotiate with me directly.”

Pelosi’s response, “why are you saying such a ridiculous thing?”",t2_txe48umt,False,,0,False,Why does AoC garner so much attention?,"[{'e': 'text', 't': 'Flaired Users Only'}]",r/Conservative,False,7,CONSERVATIVESONLY,0,,,False,,t3_1nxy6av,False,,0.62,,102,0,{},,421b644c-8b38-11e1-bc5f-12313d18ad57,False,[],,False,False,,{},Flaired Users Only,False,102,,False,False,self,False,Conservative,"[{'e': 'text', 't': 'Conservative'}]",{},,,True,public,1759594526.0,richtext,7,,,richtext,self.Conservative,False,"&lt;!-- SC_OFF --&gt;&lt;div class=""md""&gt;&lt;p&gt;Chuck Schumer appears to be battling for his reelection potentially against AoC who has risen up the ranks of far left socialist. &lt;/p&gt;

&lt;p&gt;My main question is, whats the draw? All I’ve heard her do is make false promises and spill bs about taxing the rich.&lt;/p&gt;

&lt;p&gt;Nancy Pelosi recently had a freakout when a reporter asked what she thought of AoC’s statement, “My office is open and you are free to negotiate with me directly.”&lt;/p&gt;

&lt;p&gt;Pelosi’s response, “why are you saying such a ridiculous thing?”&lt;/p&gt;
&lt;/div&gt;&lt;!-- SC_ON --&gt;",,,,,False,False,False,False,False,,[],[],False,,False,False,False,Conservative,[],False,,,,t5_2qh6p,False,,,,,1nxy6av,True,,1sland3r58,,219,True,,False,[],False,dark,/r/Conservative/comments/1nxy6av/why_does_aoc_garner_so_much_attention/,,False,https://www.reddit.com/r/Conservative/comments/1nxy6av/why_does_aoc_garner_so_much_attention/,1289029,1759594526.0,0,,False,,,,
,Conservative,,t2_g5exlrsn,False,,0,False,"Virginia AG candidate once referenced putting ‘two bullets to the head’ of GOP leader, texts show","[{'e': 'text', 't': 'Flaired Users Only'}]",r/Conservative,False,7,CONSERVATIVESONLY,0,78,,False,,t3_1nxzrr2,False,,0.9,,77,0,{},140,421b644c-8b38-11e1-bc5f-12313d18ad57,False,[],,False,False,,{},Flaired Users Only,False,77,,False,False,https://external-preview.redd.it/ikPmyfZwyhIlX9eAYb2Jb5V888yoBBpeEIncKJagFUU.jpeg?width=140&amp;height=78&amp;auto=webp&amp;s=30eedc750145885ae76a67491c031af6681abc99,False,Conservative,"[{'e': 'text', 't': 'Conservative'}]",{},link,,False,public,1759598329.0,richtext,7,,,richtext,foxnews.com,False,,,,,,False,False,False,False,False,"{'images': [{'source': {'url': 'https://external-preview.redd.it/ikPmyfZwyhIlX9eAYb2Jb5V888yoBBpeEIncKJagFUU.jpeg?auto=webp&amp;s=d87ee5f3c7f9b70eb38daba473d0bbf617c8eb16', 'width': 1280, 'height': 720}, 'resolutions': [{'url': 'https://external-preview.redd.it/ikPmyfZwyhIlX9eAYb2Jb5V888yoBBpeEIncKJagFUU.jpeg?width=108&amp;crop=smart&amp;auto=webp&amp;s=8d77febdc0d8630e44618310bf6a3ff1fdc2b071', 'width': 108, 'height': 60}, {'url': 'https://external-preview.redd.it/ikPmyfZwyhIlX9eAYb2Jb5V888yoBBpeEIncKJagFUU.jpeg?width=216&amp;crop=smart&amp;auto=webp&amp;s=641e7bb7a1b2d677cfd42f84c6773ff7ea35afde', 'width': 216, 'height': 121}, {'url': 'https://external-preview.redd.it/ikPmyfZwyhIlX9eAYb2Jb5V888yoBBpeEIncKJagFUU.jpeg?width=320&amp;crop=smart&amp;auto=webp&amp;s=c1a40d6a5c053b829712cd346839848d8e68c210', 'width': 320, 'height': 180}, {'url': 'https://external-preview.redd.it/ikPmyfZwyhIlX9eAYb2Jb5V888yoBBpeEIncKJagFUU.jpeg?width=640&amp;crop=smart&amp;auto=webp&amp;s=2a45f11909c80fcb145d1d9651258efe327c8024', 'width': 640, 'height': 360}, {'url': 'https://external-preview.redd.it/ikPmyfZwyhIlX9eAYb2Jb5V888yoBBpeEIncKJagFUU.jpeg?width=960&amp;crop=smart&amp;auto=webp&amp;s=67c9ac1ef34bcf7fe6bd9b8cc394e685841ee422', 'width': 960, 'height': 540}, {'url': 'https://external-preview.redd.it/ikPmyfZwyhIlX9eAYb2Jb5V888yoBBpeEIncKJagFUU.jpeg?width=1080&amp;crop=smart&amp;auto=webp&amp;s=12ecc7cc5a58c1939f2023a55de5b3acff2df2e3', 'width': 1080, 'height': 607}], 'variants': {}, 'id': 'ikPmyfZwyhIlX9eAYb2Jb5V888yoBBpeEIncKJagFUU'}], 'enabled': False}",[],[],False,,False,False,False,Conservative,[],False,,,,t5_2qh6p,False,,,,,1nxzrr2,True,,Head_Estate_3944,,8,True,,False,[],False,dark,/r/Conservative/comments/1nxzrr2/virginia_ag_candidate_once_referenced_putting_two/,,False,https://www.foxnews.com/politics/virginia-ag-candidate-once-referenced-putting-two-bullets-head-gop-leader-texts-show,1289029,1759598329.0,0,,False,https://www.foxnews.com/politics/virginia-ag-candidate-once-referenced-putting-two-bullets-head-gop-leader-texts-show,,,
,Conservative,,t2_i0zwg,False,,0,False,ICE supporters are starting to fight back!,"[{'e': 'text', 't': 'Flaired Users Only'}]",r/Conservative,False,7,CONSERVATIVESONLY,0,,,False,,t3_1nxtms8,False,,0.73,,159,0,{},,,False,[],,False,False,,{},Flaired Users Only,False,159,,False,False,default,False,,"[{'e': 'text', 't': 'Conservative'}]",{},,,False,public,1759583518.0,richtext,7,,,richtext,x.com,False,,,,,,False,False,False,False,False,,[],[],False,,False,False,False,Conservative,[],False,,,,t5_2qh6p,False,,,,,1nxtms8,True,,vampirepomeranian,,40,True,,False,[],False,dark,/r/Conservative/comments/1nxtms8/ice_supporters_are_starting_to_fight_back/,,False,https://x.com/FireNewz/status/1974129629456891941,1289029,1759583518.0,0,,False,https://x.com/FireNewz/status/1974129629456891941,,,
,Conservative,,t2_frlif,False,,0,False,"ICE agents reportedly boxed in by vehicles in Broadview - One of the drivers was reportedly armed, and officers fired defensive shots","[{'e': 'text', 't': 'Flaired Users Only'}]",r/Conservative,False,7,CONSERVATIVESONLY,0,78,,True,,t3_1ny4ahc,False,,0.82,,37,0,{},140,421b644c-8b38-11e1-bc5f-12313d18ad57,False,[],,False,False,,{},Flaired Users Only,False,37,,False,False,https://external-preview.redd.it/JQCx-a44ehPS6ZPNE8qtsuY0TgCxmnd0cmxFVbYWT4o.jpeg?width=140&amp;height=78&amp;auto=webp&amp;s=1e084bd568ef004137b6ae9252a8046ecbde8dc2,False,Conservative,"[{'e': 'text', 't': 'Damned Conservative Vet'}]",{},link,,False,public,1759608973.0,richtext,7,,,richtext,foxnews.com,False,,,,,,False,False,False,False,False,"{'images': [{'source': {'url': 'https://external-preview.redd.it/JQCx-a44ehPS6ZPNE8qtsuY0TgCxmnd0cmxFVbYWT4o.jpeg?auto=webp&amp;s=042b618ea1a83f2686a6c4ebd9a7bd7c87dd9301', 'width': 1280, 'height': 720}, 'resolutions': [{'url': 'https://external-preview.redd.it/JQCx-a44ehPS6ZPNE8qtsuY0TgCxmnd0cmxFVbYWT4o.jpeg?width=108&amp;crop=smart&amp;auto=webp&amp;s=8fb83da4843a65fe01cf07bcdfd9a8a7be79fc52', 'width': 108, 'height': 60}, {'url': 'https://external-preview.redd.it/JQCx-a44ehPS6ZPNE8qtsuY0TgCxmnd0cmxFVbYWT4o.jpeg?width=216&amp;crop=smart&amp;auto=webp&amp;s=47b9cd491aa85c41220388fa94274acf74d85bf6', 'width': 216, 'height': 121}, {'url': 'https://external-preview.redd.it/JQCx-a44ehPS6ZPNE8qtsuY0TgCxmnd0cmxFVbYWT4o.jpeg?width=320&amp;crop=smart&amp;auto=webp&amp;s=808ed1fc866b5542087ce728bd79003d2ec14167', 'width': 320, 'height': 180}, {'url': 'https://external-preview.redd.it/JQCx-a44ehPS6ZPNE8qtsuY0TgCxmnd0cmxFVbYWT4o.jpeg?width=640&amp;crop=smart&amp;auto=webp&amp;s=2c0f05d8eaeac51183910b48ad38d9bb844a7c4a', 'width': 640, 'height': 360}, {'url': 'https://external-preview.redd.it/JQCx-a44ehPS6ZPNE8qtsuY0TgCxmnd0cmxFVbYWT4o.jpeg?width=960&amp;crop=smart&amp;auto=webp&amp;s=9f0d5a8a9d49dcf202502ffd4f57fa2402610a10', 'width': 960, 'height': 540}, {'url': 'https://external-preview.redd.it/JQCx-a44ehPS6ZPNE8qtsuY0TgCxmnd0cmxFVbYWT4o.jpeg?width=1080&amp;crop=smart&amp;auto=webp&amp;s=e6fc745f4b5843a85d65278f39e3357a669a13fe', 'width': 1080, 'height': 607}], 'variants': {}, 'id': 'JQCx-a44ehPS6ZPNE8qtsuY0TgCxmnd0cmxFVbYWT4o'}], 'enabled': False}",[],[],False,,False,False,False,Damned Conservative Vet,[],False,,,,t5_2qh6p,False,,,,,1ny4ahc,True,,Down-not-out,,4,False,,False,[],False,dark,/r/Conservative/comments/1ny4ahc/ice_agents_reportedly_boxed_in_by_vehicles_in/,,False,https://www.foxnews.com/us/dhs-says-ice-agents-chicago-suburb-boxed-10-cars-tensions-escalate?msockid=1b6af8fec4456ecd2c60e84ac5af6f7d,1289029,1759608973.0,0,,False,https://www.foxnews.com/us/dhs-says-ice-agents-chicago-suburb-boxed-10-cars-tensions-escalate?msockid=1b6af8fec4456ecd2c60e84ac5af6f7d,,,
,Conservative,,t2_g5exlrsn,False,,0,False,"School chief to suspect: ICE arrest of Des Moines's illegal alien superintendent exposes fake degrees, drug convictions","[{'e': 'text', 't': 'Flaired Users Only'}]",r/Conservative,False,7,CONSERVATIVESONLY,0,78,,False,,t3_1nxvdge,False,,0.88,,86,0,{},140,421b644c-8b38-11e1-bc5f-12313d18ad57,False,[],,False,False,,{},Flaired Users Only,False,86,,False,False,https://external-preview.redd.it/ya7LFr-roMvjEOSB3G11-feMQHMVpiIWoHIewTZQQS4.png?width=140&amp;height=78&amp;auto=webp&amp;s=bf2bb80ec64d80a64d34588455fbd701616304c3,False,Conservative,"[{'e': 'text', 't': 'Conservative'}]",{},link,,False,public,1759587905.0,richtext,7,,,richtext,foxnews.com,False,,,,,,False,False,False,False,False,"{'images': [{'source': {'url': 'https://external-preview.redd.it/ya7LFr-roMvjEOSB3G11-feMQHMVpiIWoHIewTZQQS4.png?auto=webp&amp;s=c5b77a197f3605ae988510326a0add7d3908248c', 'width': 1280, 'height': 720}, 'resolutions': [{'url': 'https://external-preview.redd.it/ya7LFr-roMvjEOSB3G11-feMQHMVpiIWoHIewTZQQS4.png?width=108&amp;crop=smart&amp;auto=webp&amp;s=aeecd26c156859b5a70a4b035c471ff38fbb0839', 'width': 108, 'height': 60}, {'url': 'https://external-preview.redd.it/ya7LFr-roMvjEOSB3G11-feMQHMVpiIWoHIewTZQQS4.png?width=216&amp;crop=smart&amp;auto=webp&amp;s=9d64b7a82f13cd5bd80a225c306dd7e7c1a81ea4', 'width': 216, 'height': 121}, {'url': 'https://external-preview.redd.it/ya7LFr-roMvjEOSB3G11-feMQHMVpiIWoHIewTZQQS4.png?width=320&amp;crop=smart&amp;auto=webp&amp;s=f290ce505558552116c94307be22b57a8292ad09', 'width': 320, 'height': 180}, {'url': 'https://external-preview.redd.it/ya7LFr-roMvjEOSB3G11-feMQHMVpiIWoHIewTZQQS4.png?width=640&amp;crop=smart&amp;auto=webp&amp;s=eba099eec7e5c880c28d358230903073ec272178', 'width': 640, 'height': 360}, {'url': 'https://external-preview.redd.it/ya7LFr-roMvjEOSB3G11-feMQHMVpiIWoHIewTZQQS4.png?width=960&amp;crop=smart&amp;auto=webp&amp;s=147d1ad58689dccd867e46da5e39e4118600dd51', 'width': 960, 'height': 540}, {'url': 'https://external-preview.redd.it/ya7LFr-roMvjEOSB3G11-feMQHMVpiIWoHIewTZQQS4.png?width=1080&amp;crop=smart&amp;auto=webp&amp;s=6d3a2b90e6c6d3dcb038a309884bc0da93e9ae70', 'width': 1080, 'height': 607}], 'variants': {}, 'id': 'ya7LFr-roMvjEOSB3G11-feMQHMVpiIWoHIewTZQQS4'}], 'enabled': False}",[],[],False,,False,False,False,Conservative,[],False,,,,t5_2qh6p,False,,,,,1nxvdge,True,,Head_Estate_3944,,13,True,,False,[],False,dark,/r/Conservative/comments/1nxvdge/school_chief_to_suspect_ice_arrest_of_des_moiness/,,False,https://www.foxnews.com/politics/school-chief-suspect-ice-arrest-des-moines-superintendent-exposes-fake-degrees-drug-convictions,1289029,1759587905.0,0,,False,https://www.foxnews.com/politics/school-chief-suspect-ice-arrest-des-moines-superintendent-exposes-fake-degrees-drug-convictions,,,
,Conservative,,t2_jro1wfxnu,False,,0,False,"After Manchester, there can be no doubt – antiZionism is antiSemitism","[{'e': 'text', 't': 'Flaired Users Only'}]",r/Conservative,False,7,CONSERVATIVESONLY,0,78,,False,,t3_1nxyger,False,,0.66,,51,0,{},140,421b644c-8b38-11e1-bc5f-12313d18ad57,False,[],,False,False,,{},Flaired Users Only,False,51,,False,False,https://external-preview.redd.it/ICdH4Pa7QFewjxqal-ytbR8Rtl9xHMtmufIzByd3jeM.jpeg?width=140&amp;height=78&amp;auto=webp&amp;s=aad11592b3737364dc6a6a76f65d68f6c44e206c,False,Conservative,"[{'e': 'text', 't': 'Conservative'}]",{},link,,False,public,1759595206.0,richtext,7,,,richtext,spiked-online.com,False,,,,,,False,False,False,False,False,"{'images': [{'source': {'url': 'https://external-preview.redd.it/ICdH4Pa7QFewjxqal-ytbR8Rtl9xHMtmufIzByd3jeM.jpeg?auto=webp&amp;s=c9d105f2c89f14f44086039dea683c5739014f44', 'width': 1536, 'height': 864}, 'resolutions': [{'url': 'https://external-preview.redd.it/ICdH4Pa7QFewjxqal-ytbR8Rtl9xHMtmufIzByd3jeM.jpeg?width=108&amp;crop=smart&amp;auto=webp&amp;s=fb21741965674cf690263b2e4c64e36cd789577a', 'width': 108, 'height': 60}, {'url': 'https://external-preview.redd.it/ICdH4Pa7QFewjxqal-ytbR8Rtl9xHMtmufIzByd3jeM.jpeg?width=216&amp;crop=smart&amp;auto=webp&amp;s=aba2e199a8d7469ab9ddbd413bba754770f8c5c6', 'width': 216, 'height': 121}, {'url': 'https://external-preview.redd.it/ICdH4Pa7QFewjxqal-ytbR8Rtl9xHMtmufIzByd3jeM.jpeg?width=320&amp;crop=smart&amp;auto=webp&amp;s=a4f0cce4ed54b8473f15bf0227c0905124544376', 'width': 320, 'height': 180}, {'url': 'https://external-preview.redd.it/ICdH4Pa7QFewjxqal-ytbR8Rtl9xHMtmufIzByd3jeM.jpeg?width=640&amp;crop=smart&amp;auto=webp&amp;s=3be5bc10c7999d38cbbf8aff0dcf7daf8f9ac6ca', 'width': 640, 'height': 360}, {'url': 'https://external-preview.redd.it/ICdH4Pa7QFewjxqal-ytbR8Rtl9xHMtmufIzByd3jeM.jpeg?width=960&amp;crop=smart&amp;auto=webp&amp;s=b01ad3b027fbdeb21480f51c466a8770fb8c74ab', 'width': 960, 'height': 540}, {'url': 'https://external-preview.redd.it/ICdH4Pa7QFewjxqal-ytbR8Rtl9xHMtmufIzByd3jeM.jpeg?width=1080&amp;crop=smart&amp;auto=webp&amp;s=da1fe1570be0c25be61d8849ac4da8962ec4d945', 'width': 1080, 'height': 607}], 'variants': {}, 'id': 'ICdH4Pa7QFewjxqal-ytbR8Rtl9xHMtmufIzByd3jeM'}], 'enabled': False}",[],[],False,,False,False,False,Conservative,[],False,,,,t5_2qh6p,False,,,,,1nxyger,True,,Ask4MD,,23,True,,False,[],False,dark,/r/Conservative/comments/1nxyger/after_manchester_there_can_be_no_doubt/,,False,https://www.spiked-online.com/2025/10/04/after-manchester-there-can-be-no-doubt-anti-zionism-is-anti-semitism/,1289029,1759595206.0,0,,False,https://www.spiked-online.com/2025/10/04/after-manchester-there-can-be-no-doubt-anti-zionism-is-anti-semitism/,,,
,Conservative,,t2_oxlrj81,False,,0,False,Sombrero memes will continue until morale improves,"[{'e': 'text', 't': 'Flaired Users Only'}]",r/Conservative,False,7,CONSERVATIVESONLY,0,78,,False,,t3_1nx6ej8,False,,0.86,,3422,0,{},140,,False,[],"{'reddit_video': {'bitrate_kbps': 2400, 'fallback_url': 'https://v.redd.it/zbk8cyslrxsf1/DASH_720.mp4?source=fallback', 'has_audio': True, 'height': 720, 'width': 1280, 'scrubber_media_url': 'https://v.redd.it/zbk8cyslrxsf1/DASH_96.mp4', 'dash_url': 'https://v.redd.it/zbk8cyslrxsf1/DASHPlaylist.mpd?a=1762204059%2CNDFkZGZlMzk2Yzc4MjNlNGIwZDdhZjllM2ZiZGE3OTZiMTliODI5MTU5YTZjNGM2ZWE4ZTI4ZmRkMmRlZjllOQ%3D%3D&amp;v=1&amp;f=sd', 'duration': 23, 'hls_url': 'https://v.redd.it/zbk8cyslrxsf1/HLSPlaylist.m3u8?a=1762204059%2CNjM5YjhhM2JkYTU5NmQxNTVlMGY4YmVmNjkwMGUyODA2ZDlmZDU5ZGIxZmQ3MDYzZjI2M2VhZGQyNTRkNzc4ZQ%3D%3D&amp;v=1&amp;f=sd', 'is_gif': False, 'transcoding_status': 'completed'}}",True,False,,{},Flaired Users Only,False,3422,,False,False,https://external-preview.redd.it/MTU4dXB6c2xyeHNmMV84f9Yyw6_GSa7dyt9iyAzc5uWncOb0Zkr8w8rOOsNc.png?width=140&amp;height=78&amp;format=jpg&amp;auto=webp&amp;s=56eba95dcb93ee47d23ef88a64b3e61d64b3aedf,False,,"[{'e': 'text', 't': '3R1C'}]",{},hosted:video,,False,public,1759514486.0,richtext,7,,,richtext,v.redd.it,False,,,,,,False,False,False,False,False,"{'images': [{'source': {'url': 'https://external-preview.redd.it/MTU4dXB6c2xyeHNmMV84f9Yyw6_GSa7dyt9iyAzc5uWncOb0Zkr8w8rOOsNc.png?format=pjpg&amp;auto=webp&amp;s=c0a6277d82c4190fa586f25b54a7e869f6cca51f', 'width': 1280, 'height': 720}, 'resolutions': [{'url': 'https://external-preview.redd.it/MTU4dXB6c2xyeHNmMV84f9Yyw6_GSa7dyt9iyAzc5uWncOb0Zkr8w8rOOsNc.png?width=108&amp;crop=smart&amp;format=pjpg&amp;auto=webp&amp;s=d810805e19cf4eab856df2183752fb2f49a54ffd', 'width': 108, 'height': 60}, {'url': 'https://external-preview.redd.it/MTU4dXB6c2xyeHNmMV84f9Yyw6_GSa7dyt9iyAzc5uWncOb0Zkr8w8rOOsNc.png?width=216&amp;crop=smart&amp;format=pjpg&amp;auto=webp&amp;s=daf4a583ffd9b59c24369095d7aa69d1d12029f9', 'width': 216, 'height': 121}, {'url': 'https://external-preview.redd.it/MTU4dXB6c2xyeHNmMV84f9Yyw6_GSa7dyt9iyAzc5uWncOb0Zkr8w8rOOsNc.png?width=320&amp;crop=smart&amp;format=pjpg&amp;auto=webp&amp;s=88a2a51e2f893d391b2f7c609d5d848200405356', 'width': 320, 'height': 180}, {'url': 'https://external-preview.redd.it/MTU4dXB6c2xyeHNmMV84f9Yyw6_GSa7dyt9iyAzc5uWncOb0Zkr8w8rOOsNc.png?width=640&amp;crop=smart&amp;format=pjpg&amp;auto=webp&amp;s=c155b10c8d5eaddfdafbb2aa90ccc4726cedeb99', 'width': 640, 'height': 360}, {'url': 'https://external-preview.redd.it/MTU4dXB6c2xyeHNmMV84f9Yyw6_GSa7dyt9iyAzc5uWncOb0Zkr8w8rOOsNc.png?width=960&amp;crop=smart&amp;format=pjpg&amp;auto=webp&amp;s=d04d5ba7f03a7bab5f19af2afe3d16c0dfad60c0', 'width': 960, 'height': 540}, {'url': 'https://external-preview.redd.it/MTU4dXB6c2xyeHNmMV84f9Yyw6_GSa7dyt9iyAzc5uWncOb0Zkr8w8rOOsNc.png?width=1080&amp;crop=smart&amp;format=pjpg&amp;auto=webp&amp;s=c4ba517d3ed29103a15f7be47606ff6971df60df', 'width': 1080, 'height': 607}], 'variants': {}, 'id': 'MTU4dXB6c2xyeHNmMV84f9Yyw6_GSa7dyt9iyAzc5uWncOb0Zkr8w8rOOsNc'}], 'enabled': False}",[],[],False,,False,False,False,3R1C,[],False,,,,t5_2qh6p,False,,,,,1nx6ej8,True,,MoreFires,,252,True,,False,[],False,dark,/r/Conservative/comments/1nx6ej8/sombrero_memes_will_continue_until_morale_improves/,,False,https://v.redd.it/zbk8cyslrxsf1,1289029,1759514486.0,0,"{'reddit_video': {'bitrate_kbps': 2400, 'fallback_url': 'https://v.redd.it/zbk8cyslrxsf1/DASH_720.mp4?source=fallback', 'has_audio': True, 'height': 720, 'width': 1280, 'scrubber_media_url': 'https://v.redd.it/zbk8cyslrxsf1/DASH_96.mp4', 'dash_url': 'https://v.redd.it/zbk8cyslrxsf1/DASHPlaylist.mpd?a=1762204059%2CNDFkZGZlMzk2Yzc4MjNlNGIwZDdhZjllM2ZiZGE3OTZiMTliODI5MTU5YTZjNGM2ZWE4ZTI4ZmRkMmRlZjllOQ%3D%3D&amp;v=1&amp;f=sd', 'duration': 23, 'hls_url': 'https://v.redd.it/zbk8cyslrxsf1/HLSPlaylist.m3u8?a=1762204059%2CNjM5YjhhM2JkYTU5NmQxNTVlMGY4YmVmNjkwMGUyODA2ZDlmZDU5ZGIxZmQ3MDYzZjI2M2VhZGQyNTRkNzc4ZQ%3D%3D&amp;v=1&amp;f=sd', 'is_gif': False, 'transcoding_status': 'completed'}}",True,https://v.redd.it/zbk8cyslrxsf1,,,
,Conservative,,t2_r7dxj42,False,,0,False,"Police officer pepper-sprays the vent of an Antifa terrorist blow-up frog. The frog, who goes by The Antifascist Frog on TikTok, is fuming over the incident.  ""Imagine pepper-spraying a f*cking frog. Crazy work. F*ck ICE.""","[{'e': 'text', 't': 'Flaired Users Only'}]",r/Conservative,False,7,CONSERVATIVESONLY,0,,,False,,t3_1nxhjal,False,,0.77,,745,0,{},,2b586354-8b38-11e1-80e6-12313b08a511,False,[],,False,False,,{},Flaired Users Only,False,745,,False,False,default,False,Paleoconservative,"[{'e': 'text', 't': 'Paleoconservative'}]",{},,,False,public,1759542723.0,richtext,7,,,richtext,x.com,False,,,,,,False,False,False,False,False,,[],[],False,,False,False,False,Paleoconservative,[],False,,,,t5_2qh6p,False,,,,,1nxhjal,True,,Magehunter_Skassi,,157,True,,False,[],False,dark,/r/Conservative/comments/1nxhjal/police_officer_peppersprays_the_vent_of_an_antifa/,,False,https://x.com/CollinRugg/status/1974135012611273218,1289029,1759542723.0,0,,False,https://x.com/CollinRugg/status/1974135012611273218,,,
,Conservative,,t2_126bud,False,,0,False,"Democrat Thugs Busted for Assaulting ICE Agents – Yelling at Kristi Noem, Her Epic Message Resonates with All Patriots (Video)","[{'e': 'text', 't': 'Flaired Users Only'}]",r/Conservative,False,7,CONSERVATIVESONLY,0,78,,False,,t3_1nxx7es,False,,0.69,,62,0,{},140,,False,[],,False,False,,{},Flaired Users Only,False,62,,False,False,https://external-preview.redd.it/Hp_lR8hUK2ENi8sXZ2xVEEzqzkdXfF5eGHcC-_QYfUE.jpeg?width=140&amp;height=78&amp;auto=webp&amp;s=22e47d833ddf5b8124f34e7294073b805065d273,False,,"[{'e': 'text', 't': 'Florida Conservative'}]",{},link,,False,public,1759592246.0,richtext,7,,,richtext,rightjournalism.com,False,,,,,,False,False,False,False,False,"{'images': [{'source': {'url': 'https://external-preview.redd.it/Hp_lR8hUK2ENi8sXZ2xVEEzqzkdXfF5eGHcC-_QYfUE.jpeg?auto=webp&amp;s=c9ad7a184a4ed24d1bdae0eb30d07acf69cec198', 'width': 640, 'height': 360}, 'resolutions': [{'url': 'https://external-preview.redd.it/Hp_lR8hUK2ENi8sXZ2xVEEzqzkdXfF5eGHcC-_QYfUE.jpeg?width=108&amp;crop=smart&amp;auto=webp&amp;s=ab4db09fd3511ee83e8cf30ee34cfc053e907b49', 'width': 108, 'height': 60}, {'url': 'https://external-preview.redd.it/Hp_lR8hUK2ENi8sXZ2xVEEzqzkdXfF5eGHcC-_QYfUE.jpeg?width=216&amp;crop=smart&amp;auto=webp&amp;s=ea629a0a5e998bb82137157148bdb6d6b01c6b8c', 'width': 216, 'height': 121}, {'url': 'https://external-preview.redd.it/Hp_lR8hUK2ENi8sXZ2xVEEzqzkdXfF5eGHcC-_QYfUE.jpeg?width=320&amp;crop=smart&amp;auto=webp&amp;s=5df8b1306319a6827542327beb3f8c874ba26b68', 'width': 320, 'height': 180}, {'url': 'https://external-preview.redd.it/Hp_lR8hUK2ENi8sXZ2xVEEzqzkdXfF5eGHcC-_QYfUE.jpeg?width=640&amp;crop=smart&amp;auto=webp&amp;s=6505fed318b3bf60a348356fbf454801fd8581e9', 'width': 640, 'height': 360}], 'variants': {}, 'id': 'Hp_lR8hUK2ENi8sXZ2xVEEzqzkdXfF5eGHcC-_QYfUE'}], 'enabled': False}",[],[],False,,False,False,False,Florida Conservative,[],False,,,,t5_2qh6p,False,,,,,1nxx7es,True,,MackSix,,10,True,,False,[],False,dark,/r/Conservative/comments/1nxx7es/democrat_thugs_busted_for_assaulting_ice_agents/,,False,https://www.rightjournalism.com/democrat-thugs-busted-for-assaulting-ice-agents-yelling-at-kristi-noem-her-epic-message-resonates-with-all-patriots-video/,1289029,1759592246.0,0,,False,https://www.rightjournalism.com/democrat-thugs-busted-for-assaulting-ice-agents-yelling-at-kristi-noem-her-epic-message-resonates-with-all-patriots-video/,,,
,Conservative,,t2_g5exlrsn,False,,0,False,Truck driver's visa cancelled after officers find 185 pounds of cocaine hidden in metal beams of car hauler trailer,"[{'e': 'text', 't': 'Flaired Users Only'}]",r/Conservative,False,7,CONSERVATIVESONLY,0,116,,False,,t3_1nxqarb,False,,0.9,,141,0,{},140,421b644c-8b38-11e1-bc5f-12313d18ad57,False,[],,False,False,,{},Flaired Users Only,False,141,,False,False,https://external-preview.redd.it/KFtJ05iyoHgfxmPldtR3HkTgPxaT7Eu5ISMGIg7VJgQ.jpeg?width=140&amp;height=116&amp;auto=webp&amp;s=0d17af726f124f372f31cad58a640597632a88fd,False,Conservative,"[{'e': 'text', 't': 'Conservative'}]",{},link,,False,public,1759573210.0,richtext,7,,,richtext,cdllife.com,False,,,,,,False,False,False,False,False,"{'images': [{'source': {'url': 'https://external-preview.redd.it/KFtJ05iyoHgfxmPldtR3HkTgPxaT7Eu5ISMGIg7VJgQ.jpeg?auto=webp&amp;s=b2b246b77346eb818a40b94f161d81dd9e6f6863', 'width': 1030, 'height': 854}, 'resolutions': [{'url': 'https://external-preview.redd.it/KFtJ05iyoHgfxmPldtR3HkTgPxaT7Eu5ISMGIg7VJgQ.jpeg?width=108&amp;crop=smart&amp;auto=webp&amp;s=330aedd9a52f4dbc76369c9b2e1b29643471938c', 'width': 108, 'height': 89}, {'url': 'https://external-preview.redd.it/KFtJ05iyoHgfxmPldtR3HkTgPxaT7Eu5ISMGIg7VJgQ.jpeg?width=216&amp;crop=smart&amp;auto=webp&amp;s=b60f1b30390415ff0de449bc95d2311e815b297b', 'width': 216, 'height': 179}, {'url': 'https://external-preview.redd.it/KFtJ05iyoHgfxmPldtR3HkTgPxaT7Eu5ISMGIg7VJgQ.jpeg?width=320&amp;crop=smart&amp;auto=webp&amp;s=d4035db08b3f94bf3ac9c43796cb6ef1ed4a79bf', 'width': 320, 'height': 265}, {'url': 'https://external-preview.redd.it/KFtJ05iyoHgfxmPldtR3HkTgPxaT7Eu5ISMGIg7VJgQ.jpeg?width=640&amp;crop=smart&amp;auto=webp&amp;s=64017da5ccc500a80ebc0d336a2ebd22dc39c857', 'width': 640, 'height': 530}, {'url': 'https://external-preview.redd.it/KFtJ05iyoHgfxmPldtR3HkTgPxaT7Eu5ISMGIg7VJgQ.jpeg?width=960&amp;crop=smart&amp;auto=webp&amp;s=ee7c4222745eca5f3cdca3fbc9a8258c62437774', 'width': 960, 'height': 795}], 'variants': {}, 'id': 'KFtJ05iyoHgfxmPldtR3HkTgPxaT7Eu5ISMGIg7VJgQ'}], 'enabled': False}",[],[],False,,False,False,False,Conservative,[],False,,,,t5_2qh6p,False,,,,,1nxqarb,True,,Head_Estate_3944,,10,True,,False,[],False,dark,/r/Conservative/comments/1nxqarb/truck_drivers_visa_cancelled_after_officers_find/,,False,https://cdllife.com/2025/truck-drivers-visa-cancelled-after-officers-find-185-pounds-of-cocaine-hidden-in-metal-beams-of-car-hauler-trailer/,1289029,1759573210.0,0,,False,https://cdllife.com/2025/truck-drivers-visa-cancelled-after-officers-find-185-pounds-of-cocaine-hidden-in-metal-beams-of-car-hauler-trailer/,,,
,Conservative,,t2_jro1wfxnu,False,,0,False,Sen. John Kennedy Rattles Off a List of What 'Socialist Wing' Dems Demand Be Put Back In the Bill,"[{'e': 'text', 't': 'Flaired Users Only'}]",r/Conservative,False,7,CONSERVATIVESONLY,0,74,,False,,t3_1nxyect,False,,0.78,,42,0,{},140,421b644c-8b38-11e1-bc5f-12313d18ad57,False,[],,False,False,,{},Flaired Users Only,False,42,,False,False,https://external-preview.redd.it/4v3gbJAmqQWjkyniFIZ40VNa9rTBnmgZi-yFTYBj4zg.jpeg?width=140&amp;height=74&amp;auto=webp&amp;s=99f8bde1bc19b68215d30a478ae1d33f2335d74c,False,Conservative,"[{'e': 'text', 't': 'Conservative'}]",{},link,,False,public,1759595069.0,richtext,7,,,richtext,twitchy.com,False,,,,,,False,False,False,False,False,"{'images': [{'source': {'url': 'https://external-preview.redd.it/4v3gbJAmqQWjkyniFIZ40VNa9rTBnmgZi-yFTYBj4zg.jpeg?auto=webp&amp;s=a94753d80f55f0cfb8ffb29cbd5dd7b3329bb2fe', 'width': 650, 'height': 347}, 'resolutions': [{'url': 'https://external-preview.redd.it/4v3gbJAmqQWjkyniFIZ40VNa9rTBnmgZi-yFTYBj4zg.jpeg?width=108&amp;crop=smart&amp;auto=webp&amp;s=53a0aea296ba7b9b39684c7d6463fec1e0ca0e8e', 'width': 108, 'height': 57}, {'url': 'https://external-preview.redd.it/4v3gbJAmqQWjkyniFIZ40VNa9rTBnmgZi-yFTYBj4zg.jpeg?width=216&amp;crop=smart&amp;auto=webp&amp;s=8fe9d21105a7dcbca6ab53975d2cc7545de81c4f', 'width': 216, 'height': 115}, {'url': 'https://external-preview.redd.it/4v3gbJAmqQWjkyniFIZ40VNa9rTBnmgZi-yFTYBj4zg.jpeg?width=320&amp;crop=smart&amp;auto=webp&amp;s=339f985dd9fc28a65f2d873073b10900f7e1e6cd', 'width': 320, 'height': 170}, {'url': 'https://external-preview.redd.it/4v3gbJAmqQWjkyniFIZ40VNa9rTBnmgZi-yFTYBj4zg.jpeg?width=640&amp;crop=smart&amp;auto=webp&amp;s=35a29df1c93309d46f59119b621e67d1132293fb', 'width': 640, 'height': 341}], 'variants': {}, 'id': '4v3gbJAmqQWjkyniFIZ40VNa9rTBnmgZi-yFTYBj4zg'}], 'enabled': False}",[],[],False,,False,False,False,Conservative,[],False,,,,t5_2qh6p,False,,,,,1nxyect,True,,Ask4MD,,8,True,,False,[],False,dark,/r/Conservative/comments/1nxyect/sen_john_kennedy_rattles_off_a_list_of_what/,,False,https://twitchy.com/dougp/2025/10/04/sen-john-kennedy-rattles-off-an-list-of-what-socialist-wing-dems-dont-want-taken-out-of-the-budget-n2419899,1289029,1759595069.0,0,,False,https://twitchy.com/dougp/2025/10/04/sen-john-kennedy-rattles-off-an-list-of-what-socialist-wing-dems-dont-want-taken-out-of-the-budget-n2419899,,,
,Conservative,,t2_frlif,False,,0,False,Nolte: HBO Max Will No Longer Carry Disgraced CNN’s Live Feed,"[{'e': 'text', 't': 'Flaired Users Only'}]",r/Conservative,False,7,CONSERVATIVESONLY,0,73,,False,,t3_1nxv4qt,False,,0.82,,61,0,{},140,421b644c-8b38-11e1-bc5f-12313d18ad57,False,[],,False,False,,{},Flaired Users Only,False,61,,False,False,https://external-preview.redd.it/SEyI4J1f16zZr8jkGJcEmtK08m9I4-swRqzLj2EINFc.jpeg?width=140&amp;height=73&amp;auto=webp&amp;s=49ce2bd3077b85adb93fe9e598c64e408a986a86,False,Conservative,"[{'e': 'text', 't': 'Damned Conservative Vet'}]",{},link,,False,public,1759587327.0,richtext,7,,,richtext,breitbart.com,False,,,,,,False,False,False,False,False,"{'images': [{'source': {'url': 'https://external-preview.redd.it/SEyI4J1f16zZr8jkGJcEmtK08m9I4-swRqzLj2EINFc.jpeg?auto=webp&amp;s=20e9a9e01346748b442dd593a2acc524f84b022d', 'width': 640, 'height': 335}, 'resolutions': [{'url': 'https://external-preview.redd.it/SEyI4J1f16zZr8jkGJcEmtK08m9I4-swRqzLj2EINFc.jpeg?width=108&amp;crop=smart&amp;auto=webp&amp;s=7d9533066dc34ffd62fc16a9db7237be1808cc41', 'width': 108, 'height': 56}, {'url': 'https://external-preview.redd.it/SEyI4J1f16zZr8jkGJcEmtK08m9I4-swRqzLj2EINFc.jpeg?width=216&amp;crop=smart&amp;auto=webp&amp;s=f35ed0fcc4ca8c521391055272f8a99f905a9a66', 'width': 216, 'height': 113}, {'url': 'https://external-preview.redd.it/SEyI4J1f16zZr8jkGJcEmtK08m9I4-swRqzLj2EINFc.jpeg?width=320&amp;crop=smart&amp;auto=webp&amp;s=ba1c550cc746d6461be1fb8e504f356bfc0230b8', 'width': 320, 'height': 167}, {'url': 'https://external-preview.redd.it/SEyI4J1f16zZr8jkGJcEmtK08m9I4-swRqzLj2EINFc.jpeg?width=640&amp;crop=smart&amp;auto=webp&amp;s=a468ee0991964fa71960f173ceaad2a7158fb28a', 'width': 640, 'height': 335}], 'variants': {}, 'id': 'SEyI4J1f16zZr8jkGJcEmtK08m9I4-swRqzLj2EINFc'}], 'enabled': False}",[],[],False,,False,False,False,Damned Conservative Vet,[],False,,,,t5_2qh6p,False,,,,,1nxv4qt,True,,Down-not-out,,4,False,,False,[],False,dark,/r/Conservative/comments/1nxv4qt/nolte_hbo_max_will_no_longer_carry_disgraced_cnns/,,False,https://www.breitbart.com/the-media/2025/10/03/nolte-hbo-max-will-no-longer-carry-disgraced-cnns-live-feed/,1289029,1759587327.0,1,,False,https://www.breitbart.com/the-media/2025/10/03/nolte-hbo-max-will-no-longer-carry-disgraced-cnns-live-feed/,,,
